<beans xmlns="http://www.springframework.org/schema/beans"
	xmlns:xsi="http://www.w3.org/2001/XMLSchema-instance" xmlns:tx="http://www.springframework.org/schema/tx"
	xmlns:mvc="http://www.springframework.org/schema/mvc" xmlns:context="http://www.springframework.org/schema/context"
	xsi:schemaLocation="http://www.springframework.org/schema/beans http://www.springframework.org/schema/beans/spring-beans.xsd
       http://www.springframework.org/schema/tx http://www.springframework.org/schema/tx/spring-tx.xsd
       http://www.springframework.org/schema/mvc http://www.springframework.org/schema/mvc/spring-mvc.xsd
       http://www.springframework.org/schema/context http://www.springframework.org/schema/context/spring-context.xsd">

	<context:component-scan base-package="com.crm.logicq">
 
	</context:component-scan>
	<mvc:annotation-driven />

	<!-- Getting Database properties -->
	<context:property-placeholder location="classpath:application.properties" />
	<context:property-placeholder location="classpath:scheduler.properties" />

	
<!-- Specifying the Resource location to load JS, CSS, Images etc -->
	<mvc:resources mapping="/static/**" location="/WEB-INF/static/" />

	<mvc:default-servlet-handler/>
	<context:annotation-config />
	<tx:annotation-driven transaction-manager="transactionManager" />

	<bean id="ds"
		class="org.springframework.jdbc.datasource.DriverManagerDataSource">
		<property name="driverClassName" value="com.mysql.jdbc.Driver" />
		<property name="url" value="jdbc:mysql://127.0.0.1:3306/crmlogicq" />
		<property name="username" value="root" />
		<property name="password" value="" />
	</bean>


	<bean id="transactionManager"
		class="org.springframework.orm.hibernate4.HibernateTransactionManager">
		<property name="sessionFactory" ref="sessionFactory" />
	</bean>

	<bean id="sessionFactory"
		class="org.springframework.orm.hibernate4.LocalSessionFactoryBean">
		<property name="dataSource" ref="ds" />
		<property name="hibernateProperties">
			<props>
				<prop key="hibernate.dialect">org.hibernate.dialect.MySQLDialect</prop>
				<prop key="hibernate.show_sql">true</prop>
				<prop key="hibernate.hbm2ddl.auto">update</prop>
				
				<!-- Use this property if you want hibernate to create tables. 
					 Just create the DB configured in datasource. With this 
					 property enabled, hibernate will generate DDLs & create
					 the required tables in DB. 		
				-->
				<!-- <prop key="hibernate.hbm2ddl.auto">create</prop> -->
			</props>
		</property>
		<property name="packagesToScan" value="com.crm.logicq.model"></property>
	</bean>


<!-- <bean id="runMeTask" class="com.crm.logicq.service.ReadFile.ReadMSAccessFile" />

	Spring Quartz
<bean id="runMeJob" 
 	class="org.springframework.scheduling.quartz.MethodInvokingJobDetailFactoryBean">
		
	<property name="targetObject" ref="runMeTask" />
	<property name="targetMethod" value="ReadAccessFile" />
		
</bean>
  

	Cron Trigger, run every 5 seconds
	<bean id="cronTrigger" 
                class="org.springframework.scheduling.quartz.CronTriggerFactoryBean">

		<property name="jobDetail" ref="runMeJob" />
		 <property name="cronExpression" value="0/5 * * * * ?" />  
		<property name="cronExpression" value="0 58 22 ? * MON,TUE,WED,THU,FRI *"/>
		<property name="cronExpression" value="0/30 * 18-19 ? * MON-FRI" />

	</bean>

	<bean class="org.springframework.scheduling.quartz.SchedulerFactoryBean">
		<property name="autoStartup" value="true" />
		<property name="jobDetails">
			<list>
				<ref bean="runMeJob" />
			</list>
		</property>

		<property name="triggers">
			<list>
				<ref bean="cronTrigger" />
			</list>
		</property>
	</bean> -->
</beans>